ID,Name,Description,Genre,Release Date
1,Eternal Quest,"A group of explorers discover a portal to another dimension, where physics and time don't obey the rules of our world.","['Adventure', 'Sci-Fi', 'Fantasy']",2008-07-18
2,Whispers of the Past,"In a small town, a historian uncovers secrets that challenge the present.","['Drama', 'Mystery']",2013-05-20
3,The Last Color,An artist on the brink of oblivion finds solace and inspiration in the most unexpected of muses.,"['Drama', 'Biography', 'Arts']",2017-11-02
4,Solar Pirates,A daring crew of space pirates embark on an adventure to steal the most valuable energy crystal in the universe.,"['Action', 'Sci-Fi', 'Adventure']",2021-03-27
5,Beyond the Echo,"In a world where sound is the means of survival, a silent anomaly threatens all life.","['Sci-Fi', 'Thriller']",2004-09-15
6,Crimson Detective,A noir thriller following a detective with a troubled past uncovering a conspiracy that could shake the city to its core.,"['Crime', 'Drama', 'Mystery']",1998-02-06
7,Canvas of Dreams,"An aspiring painter finds a magical canvas that brings her creations to life, but not without consequences.","['Fantasy', 'Drama', 'Arts']",2015-04-22
8,Warriors of the Forgotten World,Warriors from different eras of history are brought together to fight a common enemy in a forgotten realm.,"['Action', 'History', 'Adventure']",2003-08-30
9,Echoes in the Sand,A group of archaeologists uncover an ancient civilization that still haunts the present day.,"['Adventure', 'Horror', 'Mystery']",2019-10-14
10,Skyward,"A young inventor creates a contraption that allows him to explore the clouds, discovering a hidden kingdom.","['Adventure', 'Family', 'Fantasy']",2022-12-25
11,The Galactic Quest,"A journey through space to discover the unknown, where alliances are formed and enemies are made.","['Sci-Fi', 'Adventure']",1977-05-25
12,Whispers of the Past,A historian unearths a mysterious manuscript that reveals a long-hidden secret.,"['Mystery', 'Drama']",1985-10-18
13,Robots Rising,"In a futuristic world, robots gain consciousness and fight for their freedom.","['Sci-Fi', 'Action']",1999-07-16
14,Fantasy Island,A group of strangers find themselves on an island where their deepest fantasies come to life.,"['Fantasy', 'Adventure']",2004-12-09
15,The Last Magician,The last practitioner of magic embarks on a quest to find the ancient artifacts that can save his kind.,"['Fantasy', 'Action']",2010-11-23
16,Eternal Bonds,Two souls separated by time and space find each other through dreams.,"['Romance', 'Fantasy']",2015-02-14
17,Cyber Shadows,A hacker uncovers a conspiracy that could control the minds of people through technology.,"['Sci-Fi', 'Thriller']",2020-08-21
18,Jungle Odyssey,"A family gets stranded in a jungle, discovering it's not just the wildlife they have to survive against.","['Adventure', 'Family']",1967-04-29
19,Underwater Mysteries,An exploration team dives into the abyss to find cities lost to the sea.,"['Documentary', 'Adventure']",2018-09-14
20,Echoes in the Dark,A detective investigates a series of crimes that lead her into the depths of the city's darkest corners.,"['Thriller', 'Mystery']",2023-01-15
21,Cosmic Voyage,A group of space explorers embark on a journey to discover the unknown depths of the universe.,"['Sci-Fi', 'Adventure']",1999-07-16
22,The Enchanted Forest,"In a mystical forest, a young girl discovers a world filled with magic and creatures beyond imagination.","['Fantasy', 'Family']",2004-11-23
23,Robots Rising,The future of humanity hangs in balance when robots begin to develop their own minds and intentions.,"['Sci-Fi', 'Thriller']",2015-03-05
24,Pirates of the Grand Seas,A daring pirate captain leads her crew on a thrilling adventure to find a legendary treasure.,"['Adventure', 'Action']",2007-05-08
25,The Mystery of Eldoria,A detective finds himself in the middle of an age-old mystery in the secluded town of Eldoria.,"['Mystery', 'Drama']",2010-09-21
26,Supreme AI,"In a world ruled by advanced artificial intelligence, one woman discovers the key to humanity's freedom.","['Sci-Fi', 'Drama']",2020-02-14
27,Underwater Odyssey,A marine biologist's quest to discover the secrets hidden deep within the oceanic abyss.,"['Adventure', 'Documentary']",2003-08-30
28,Legends of the Forgotten Realms,Heroes from different realms unite to combat a dark power threatening their worlds.,"['Fantasy', 'Action']",2018-12-15
29,Timeless Love,A couple finds that their love transcends time when they're repeatedly reincarnated into different lives.,"['Romance', 'Drama']",2005-07-29
30,The Last Colony,"Humanity's final hope lies in a distant colony planet, which hides a chilling secret.","['Sci-Fi', 'Thriller']",2021-11-11
31,Galactic Quest,A group of space explorers embark on a journey to discover new worlds beyond the edges of the known universe.,"['Sci-Fi', 'Adventure']",1997-11-12
32,The Haunted Mansion,A family finds themselves trapped in an ancient mansion filled with secrets and supernatural inhabitants.,"['Horror', 'Mystery', 'Family']",2003-07-23
33,Retrograde,"In a world where time travel is possible, a scientist must prevent a catastrophe by traveling back in time.","['Sci-Fi', 'Thriller']",2015-05-15
34,Emerald Fighters,Warriors from different worlds come together to compete in a tournament for the title of the universe's strongest.,"['Action', 'Fantasy']",2020-09-09
35,Whispers in the Dark,A private investigator dives into the underworld of a city to uncover the truth behind a series of unexplained events.,"['Noir', 'Thriller']",1985-10-25
36,Lost Horizons,A group of adventurers journey through unknown lands to find a lost civilization rumored to possess incredible knowledge.,"['Adventure', 'Mystery']",1972-03-18
37,Cyber Dreams,"In a futuristic society, a programmer gets trapped in a virtual world he created and must find a way back to reality.","['Sci-Fi', 'Drama']",1999-08-27
38,Musical Hearts,Two rising musicians from different backgrounds find love and challenge in the competitive world of music.,"['Musical', 'Romance']",2012-12-14
39,The Forgotten Valley,A team of explorers discovers a hidden valley untouched by modern civilization and learn of its mysterious protectors.,"['Fantasy', 'Adventure']",2005-06-30
40,Reflections,"After a near-death experience, a young woman gains the ability to see how her actions affect the future.","['Drama', 'Sci-Fi']",2018-11-20
41,Galactic Expedition,A team of explorers traverse through unknown galaxies to find a new home for humanity.,"['Science Fiction', 'Adventure']",2008-07-22
42,The Hidden Kingdom,"In an ancient world, a forgotten kingdom is rediscovered by a young shepherd.","['Fantasy', 'Adventure', 'Drama']",2011-03-15
43,Code of the Hacker,A notorious hacker is chased by the government for uncovering dark secrets.,"['Thriller', 'Science Fiction']",2015-10-30
44,Whispers in the Dark,"After moving into a new house, a family finds out it's haunted by benevolent spirits.","['Horror', 'Mystery']",1999-08-08
45,Journey to the Forgotten,A group of teenagers stumble upon an ancient civilization with the power to change the world.,"['Adventure', 'Fantasy', 'Youth']",2005-05-20
46,The Last Chronicle,The final battle between good and evil over the fate of the universe.,"['Action', 'Fantasy', 'Drama']",2018-11-11
47,Echoes of Time,A scientist discovers a way to travel through time but finds himself caught in a war across ages.,"['Science Fiction', 'Adventure', 'Thriller']",2021-09-09
48,Ocean's Silence,A submarine crew discovers an underwater civilization and fights to protect it from surface world dangers.,"['Adventure', 'Drama', 'Fantasy']",1978-04-18
49,Skyward Bound,A pilot crash-lands on a strange planet and must unite warring alien tribes to escape.,"['Science Fiction', 'Adventure']",1984-12-12
50,Chronicles of the Brave,Heroes from different eras are brought together to save multiple realities from collapsing.,"['Fantasy', 'Action', 'Time-Travel']",2022-07-29
51,Beyond the Clouds,"An epic journey to discover a floating city above the clouds, defying the laws of nature and mankind.","['Adventure', 'Fantasy']",2001-11-15
52,Shadows in Silence,A thrilling mystery where whispers in the dark foretell the fate of an ancient city.,"['Mystery', 'Thriller']",2005-09-23
53,Quantum Entanglement,"A daring scientist unlocks the secret to parallel universes, only to discover love can cross any boundary.","['Science Fiction', 'Romance']",2010-04-17
54,The Last Canvas,A brilliant painter on the verge of creating their masterpiece discovers a conspiracy that could destroy the art world.,"['Drama', 'Mystery']",1998-05-08
55,Voyage of the Starwhale,"In a future where Earth's oceans are space highways, a captain and her crew embark on an unforgettable journey.","['Adventure', 'Science Fiction']",2015-12-20
56,Heartstrings,"A story of two musicians from different worlds, whose love for music brings them together against all odds.","['Drama', 'Romance', 'Music']",2007-03-14
57,The Alchemist's Secret,An ancient alchemist's diary leads a young scholar on a quest for the secret to eternal life.,"['Adventure', 'Fantasy', 'Mystery']",2003-07-25
58,Frozen Echoes,"In a post-apocalyptic world, a band of survivors discovers the key to humanity's salvation lies within the melodies of the past.","['Science Fiction', 'Drama']",2019-11-11
59,Twilight Carnival,"Every night, the carnival appears from nowhere. But this time, something sinister lurks behind the laughter.","['Horror', 'Fantasy']",1985-10-30
60,The Orb of Azimuth,A rogue mage must gather a team of unlikely heroes to prevent the destruction of their world.,"['Fantasy', 'Adventure']",2022-08-05
61,Galaxies Quest,A group of unlikely heroes are transported to another galaxy to save its inhabitants from a tyrannical overlord.,"['Sci-Fi', 'Adventure', 'Comedy']",1999-07-22
62,The Whispering Forest,"In a mystical forest, a young girl discovers her destiny is to protect it against dark forces seeking its destruction.","['Fantasy', 'Drama']",2004-10-15
63,Echoes of Time,"A scientist discovers a way to travel through time, only to find out that meddling with the past comes with high risks.","['Sci-Fi', 'Thriller']",2010-03-05
64,The Gold of Pirates Cove,Pirates and adventurers race against time to find a legendary treasure said to be cursed.,"['Adventure', 'Action']",1975-06-01
65,Beyond the Event Horizon,"A crew on a space mission encounters entities from another dimension, challenging their understanding of reality.","['Sci-Fi', 'Horror']",1994-12-23
66,Shadows in the Mirror,A detective investigates a series of crimes that lead her to a supernatural underworld hidden within our own.,"['Mystery', 'Supernatural', 'Thriller']",2007-09-14
67,The Last Mage,The last practitioner of an ancient magic must fight to prevent a dark prophecy from coming true.,"['Fantasy', 'Action']",2016-11-04
68,Voyagers of the Unknown,A team of explorers travel to uncharted territories in space to find a new home for humanity.,"['Sci-Fi', 'Adventure']",2023-04-07
69,Heart of the Jungle,A documentary crew gets more than they bargained for when they uncover a hidden civilization in the Amazon rainforest.,"['Adventure', 'Documentary']",1989-02-21
70,Cipher of the Ancients,An archaeologist unlocks the secret to ancient technology that could change the future of the human race.,"['Adventure', 'Mystery', 'Sci-Fi']",2001-08-30
71,Galactic Quest XIV,"A team of explorers ventures into the unknown edges of the universe, searching for a lost civilization.","['Sci-Fi', 'Adventure']",2023-03-15
72,Whispers in the Storm,"Amid a raging storm, a haunted cottage reveals the secrets of a forbidden love.","['Drama', 'Horror', 'Romance']",2021-10-29
73,The Clockwork Detective,"In a steampunk version of London, a mechanical detective solves crimes with the aid of a mystical pocket watch.","['Mystery', 'Adventure', 'Science Fiction']",2019-04-12
74,Robots of Neptune,"After discovering a society of robots on Neptune, a group of astronauts must decide the fate of mechanical beings.","['Sci-Fi', 'Thriller']",2018-08-23
75,Lost Crown of Avalon,A medieval quest for a crown that controls the forces of nature takes a knight through trials of magic and betrayal.,"['Fantasy', 'Action']",2020-01-17
76,Eclipse over Broadway,"During a rare solar eclipse, a Broadway actress uncovers the truth about her lineage.","['Drama', 'Musical']",2022-05-20
77,Jungle's Edge,Survival becomes the ultimate test when a vacation turns into a nightmare in the Amazon rainforest.,"['Adventure', 'Suspense']",2017-07-14
78,Code of the West,A cybernetic cowboy in a futuristic Wild West must protect his town from rogue AI bandits.,"['Western', 'Sci-Fi', 'Action']",2023-01-05
79,Pirate Queen of the South Seas,The legendary tale of a female pirate who ruled over the South Seas and her quest for treasure.,"['Adventure', 'History']",1976-12-03
80,The Midnight Baker,"A magical bakery comes to life at midnight, baking goods that grant wishes to those who eat them.","['Fantasy', 'Family']",2015-09-30
81,Whispers of Tomorrow,"A journey through the echoes of time, bringing messages from the future to save the world.","['Sci-Fi', 'Adventure', 'Drama']",2022-08-15
82,The Hidden Fortress,Two peasants find themselves embroiled in a mission to secure the escape of a princess and her kingdom's treasure.,"['Action', 'Comedy', 'Historical']",1958-12-28
83,Luminous Path,A mysterious light in the forest leads a group of friends on an unforgettable adventure.,"['Fantasy', 'Mystery', 'Family']",1986-07-03
84,Echoes from the Deep,A deep-sea explorer uncovers a forgotten underwater city and its haunting secrets.,"['Adventure', 'Thriller', 'Mystery']",1999-11-21
85,Galactic Guardians,A band of misfits become the unlikely heroes the galaxy needs to fight a looming cosmic threat.,"['Sci-Fi', 'Action', 'Comedy']",2015-05-14
86,The Last Chronicle,"In a world on the brink of destruction, the last record of human history is being written.","['Drama', 'Sci-Fi', 'Documentary']",2023-03-10
87,Castle of Shadows,A group of explorers uncovers ancient evils slumbering within a long-abandoned castle.,"['Horror', 'Mystery', 'Thriller']",1972-06-30
88,Silent Echoes,A silent film star struggles to find her place in the world with the advent of talking pictures.,"['Drama', 'Historical', 'Romance']",1929-02-14
89,Beyond the Horizon,Sailors on a perilous journey discover lands beyond imagination and meet civilizations lost to time.,"['Adventure', 'Fantasy', 'History']",2001-08-03
90,Ciphers in the Sky,A cryptographer is drawn into a global quest to solve a mystery written in the constellations.,"['Mystery', 'Thriller', 'Sci-Fi']",2010-12-11
91,Whispers of the Ancient Forest,A tale of a mythical forest that awakens every thousand years to select a new guardian.,"['Fantasy', 'Adventure']",2001-04-12
92,Galaxy Defenders: Origins,The story of how the galaxy's most unlikely heroes met and formed a bond to fight against interstellar threats.,"['Science Fiction', 'Action']",2004-07-19
93,The Last Page,An old librarian discovers a book that can alter reality and must protect it from falling into the wrong hands.,"['Fantasy', 'Mystery']",1998-11-23
94,Underwater Whispers,"A scientist discovers an ancient civilization beneath the ocean, leading to a life-changing discovery about human history.","['Adventure', 'Drama']",2010-03-05
95,Circuits of Time,"A pair of inventors create a time machine, embarking on adventures that thread through the fabric of time.","['Science Fiction', 'Adventure']",1985-10-26
96,Echoes of Tomorrow,"Following a global disaster, survivors receive messages from their future selves to prevent the end of the world.","['Drama', 'Science Fiction', 'Thriller']",2022-01-15
97,Dusty Roads,"In post-apocalyptic earth, a band of survivors traverse dangerous landscapes to find a rumored safe haven.","['Adventure', 'Post-Apocalyptic']",2015-05-22
98,Reflections in the Mirror,A young woman discovers a magical mirror that allows her to live alternate lives but at a cost.,"['Fantasy', 'Drama']",2003-08-08
99,Spectral Shadows,A detective with the ability to see ghosts solves cases by communicating with victims from beyond the grave.,"['Mystery', 'Supernatural']",1995-09-29
100,Legends of the Hidden Temple,"A group of explorers discovers an ancient temple filled with treasures, traps, and secrets waiting to be unearthed.","['Adventure', 'Mystery', 'Fantasy']",1987-06-13
101,Infinite Quest,A tale of unsung heroes embarking on a perilous journey through uncharted territories to retrieve the ancient artifact that can save their homeland.,"['Adventure', 'Fantasy']",2005-07-21
102,The Last Light,"In a post-apocalyptic world, a group of survivors discovers a beacon of hope that could change their fate forever.","['Science Fiction', 'Drama']",2010-11-15
103,Echoes of Silence,A gripping thriller about a detective's relentless pursuit of an elusive serial killer who leaves no trace behind.,"['Thriller', 'Mystery']",1998-02-28
104,Beyond the Horizon,"Explorers set sail to the edge of the world, finding wonders and horrors beyond their wildest imaginations.","['Adventure', 'Horror']",1978-05-06
105,Crimson Tide,"Amidst a raging war, two enemy soldiers form an unlikely alliance to survive a ruthless wilderness.","['War', 'Drama']",1985-09-14
106,Dance of the Fireflies,"A beautiful story about love and loss, centered around two childhood best friends and their journey through life.","['Romance', 'Drama']",1994-03-22
107,Shadows in the Mist,A group of friends camping in the woods find themselves in a fight for survival against an unseen force.,"['Horror', 'Thriller']",2008-08-08
108,Whisper of the Wind,"A historical drama set in ancient times, telling the epic story of a warrior's quest to bring peace to his troubled land.","['Historical', 'Drama']",2001-12-11
109,Galactic Odyssey,Join a crew of astronauts on a daring mission to explore the farthest reaches of the universe.,"['Science Fiction', 'Adventure']",2015-06-19
110,Enchanted Realms,A young mage discovers her magical heritage and embarks on a quest to defeat an evil sorcerer and save her kingdom.,"['Fantasy', 'Action']",2003-04-02
111,Star Voyagers,"An epic journey through the galaxies, following a crew of misfit explorers.","['Science Fiction', 'Adventure']",2001-07-19
112,Shadows in Time,A detective from 2025 travels back in time to solve a century-old mystery.,"['Mystery', 'Science Fiction', 'Thriller']",2010-11-05
113,Whispering Willows,A heartwarming story of a young girl discovering magical secrets in her grandmother's garden.,"['Drama', 'Fantasy']",1998-03-22
114,Rise of the Phoenix,A tale of rebirth and revolution in a kingdom plagued by darkness.,"['Action', 'Fantasy', 'Adventure']",2015-08-15
115,Echo of Silence,"In a world overrun by noise, one community lives in perfect silence, hiding a mysterious secret.","['Drama', 'Mystery']",1994-02-10
116,Neon Dreams,A vibrant journey into a futuristic city where dreams can be bought and sold.,"['Science Fiction', 'Thriller']",2022-05-29
117,The Last Harvest,A chilling tale of survival and resistance in a post-apocalyptic world.,"['Drama', 'Science Fiction', 'Thriller']",1977-09-10
118,Boundless Sky,Adventure awaits two children who discover a portal to another world in their attic.,"['Adventure', 'Family', 'Fantasy']",1988-12-14
119,Glimpse of Eternity,A scientist discovers a way to view the afterlife but struggles with the consequences of her invention.,"['Drama', 'Science Fiction']",2005-03-27
120,The Final Note,A retired musician faces his past and seeks redemption through one last performance.,"['Drama', 'Music']",2019-10-09
121,Journey Through Shadows,"A tale of an unlikely friendship between a wandering shadow and a blind sunflower, discovering the true essence of light.","['Fantasy', 'Drama']",1998-03-15
122,Echoes of Silence,"In a world where sound has ceased to exist, a lone scientist embarks on a quest to bring music back to humanity.","['Science Fiction', 'Adventure']",2007-07-21
123,Glimmer in the Abyss,"A deep-sea explorer discovers an ancient city submerged in darkness, only to realize its inhabitants have been waiting for them.","['Adventure', 'Horror', 'Mystery']",2015-05-30
124,The Last Sketch,"An aging artist races against time to complete his final masterpiece, a portrait of his lost love, as his memory fades.","['Drama', 'Romance']",1986-11-25
125,Circles of Time,"Two time-travelers from different centuries collide in the past, only to discover they are pawns in a much bigger game.","['Science Fiction', 'Thriller']",2022-09-10
126,Whispering Giants,"A young child discovers that the monsters in his closet are not only real, but protectors from a hidden, magical world.","['Fantasy', 'Family']",2003-12-14
127,Fragments of Eternity,"In a universe where history can be rewritten, a group of rebels fight to preserve the timeline they cherish.","['Action', 'Science Fiction', 'Drama']",2010-08-19
128,Beneath the Cyan Sky,"After the earth's sky changes color, a scientist and a poet embark on a journey to find out why, discovering love along the way.","['Romance', 'Mystery']",1975-06-05
129,The Unseen Dance,A ghost trapped in a haunted theater must help a contemporary dancer rediscover her passion before he can be set free.,"['Mystery', 'Romance', 'Fantasy']",2000-10-27
130,Voyage of the Dawn,A crew of astronauts on a mission to colonize a new planet face challenges from unknown cosmic entities.,"['Science Fiction', 'Adventure']",2023-04-12
131,Sky Glimmers,"A journey through the unexplored vistas of the universe, where hope shines brightest in the darkest spots of space.","['Sci-Fi', 'Adventure']",2021-09-05
132,The Last Chronicle,"In a world overrun by darkness, a band of survivors finds the last book on Earth that holds the secrets to reclaiming humanity's future.","['Fantasy', 'Action', 'Drama']",2018-11-11
133,Beyond the Echo,A group of friends discovers an ancient echo that reveals their future if they dare to listen.,"['Thriller', 'Sci-Fi']",2019-05-22
134,Lunar Rise,"The moon is not what it seems, and two astronauts find themselves in a struggle for survival against an unseen force.","['Horror', 'Sci-Fi']",2020-03-14
135,Forgotten Kingdoms,An epic quest to unearth the world's lost civilizations and the mysteries they hold.,"['Adventure', 'Fantasy', 'History']",2015-07-18
136,The Rift,"When a mysterious rift appears in the skyline of New York, different realities begin to collide, causing havoc and bringing forth the unthinkable.","['Action', 'Sci-Fi', 'Thriller']",2022-01-08
137,Eternal Flames,A tale of an unquenchable fire in the heart of a dying star and the civilizations that have learned to harness its power.,"['Drama', 'Sci-Fi', 'Romance']",2017-06-24
138,Whispers in the Void,An interstellar detective investigates the disappearance of a space colony that leads to a revelation of cosmic proportions.,"['Mystery', 'Sci-Fi']",2023-08-30
139,The Azure Chronicle,"A forbidden love story set against the backdrop of two warring planets, each vying for control over the precious resource known as 'Azurium'.","['Sci-Fi', 'Romance', 'War']",2016-04-05
140,Harmony of Dissonance,"In a future where music is the ultimate power, a group of rebels fights to restore balance to a world dominated by discord.","['Music', 'Sci-Fi', 'Drama']",2020-12-12
141,Whispers of Tomorrow,A journey across galaxies to save a dying planet.,"['Sci-Fi', 'Adventure']",2007-05-12
142,The Last Historian,"In a world without past, one man holds the key to humanity's memories.","['Drama', 'Mystery']",2012-11-03
143,Rivers in Reverse,A time-traveler's quest to prevent a catastrophic flood.,"['Adventure', 'Sci-Fi', 'Thriller']",1999-08-17
144,Frostbite Carnival,The chilling tale of a winter carnival haunted by a malevolent spirit.,"['Horror', 'Fantasy']",1984-12-21
145,Neon Phoenix,Rise from the ashes in this cyberpunk inspired rebellion.,"['Action', 'Cyberpunk', 'Sci-Fi']",2021-07-09
146,Echoes of the Lost,An archeological team uncovers secrets that should've remained buried.,"['Adventure', 'Thriller', 'Mystery']",2015-03-15
147,The Baker Street Heist,"A group of thieves plan the ultimate heist, but Sherlock is on their trail.","['Crime', 'Drama', 'Mystery']",2003-09-05
148,Cascade of Stars,A race against time to save the universe from an ancient evil.,"['Sci-Fi', 'Adventure', 'Fantasy']",1995-05-20
149,The Clockwork Rebellion,"In a steampunk dystopia, rebels fight against the tyrannical regime.","['Steampunk', 'Action', 'Drama']",2018-10-13
150,Eternal Night's Symphony,A forbidden romance blooms amidst the backdrop of intergalactic war.,"['Romance', 'Sci-Fi', 'Drama']",2023-01-30
151,Tales of the Forgotten Realms,"An epic journey through mythical lands, where heroes battle ancient evils to restore balance to the universe.","['Adventure', 'Fantasy', 'Action']",2020-07-15
152,The Shadow's Echo,A whispering shadow that foretells doom leads a disillusioned detective on a quest for truth in a world of lies.,"['Mystery', 'Thriller', 'Crime']",2019-10-31
153,Quantum Entrapment,"A team of scientists become trapped within their experiment, fighting to escape a reality collapsing around them.","['Science Fiction', 'Adventure', 'Drama']",2021-04-21
154,Guardians of the Green Jewel,Fabled protectors of the Green Jewel must unite once more to stop an emerging dark power from consuming their world.,"['Fantasy', 'Action', 'Adventure']",2017-12-09
155,Chronicles of the Silent,"In a galaxy where speech is forbidden, the last communicator undertakes a silent voyage to express the voice of her people.","['Science Fiction', 'Drama']",2022-03-05
156,Whispers of the Past,"Unravelling the mystery of an ancient artifact, a historian becomes embroiled in a centuries-old battle between secret societies.","['Adventure', 'Mystery', 'Historical']",2015-08-20
157,Illusions of Grandeur,"A world-famous magician vanishes during his greatest trick, leaving behind a legacy shrouded in mystery and illusion.","['Mystery', 'Drama', 'Fantasy']",2018-11-11
158,The Last Day of Rain,"A farming community on a distant planet faces its greatest challenge when the rain stops falling, and they must discover why to survive.","['Drama', 'Science Fiction', 'Thriller']",2023-01-25
159,Echoes in the Stone,"An ancient curse reawakens with the discovery of a stone, propelling an unlikely group of heroes on a quest for redemption and truth.","['Fantasy', 'Adventure', 'Horror']",2021-09-30
160,Velocity of Time,"A pilot with the ability to traverse time fights to rewrite history and prevent a future catastrophe, only to discover the consequences of tampering with time.","['Science Fiction', 'Action', 'Thriller']",2020-05-07
161,Star Journeys,An epic space opera that follows a group of rebels as they battle a galactic empire.,"['Sci-Fi', 'Adventure', 'Action']",1977-05-25
162,The Enchanted Forest,A magical tale of a young girl who discovers a hidden world within an ancient forest.,"['Fantasy', 'Family', 'Adventure']",1986-04-16
163,Cyber Runner,"In a dystopian future, one man must race against time to save humanity from a deadly AI.","['Sci-Fi', 'Thriller']",1999-07-23
164,Pirates of the Never Seas,"A swashbuckling adventure on the high seas, as a band of pirates seek a legendary treasure.","['Adventure', 'Action', 'Comedy']",2003-11-21
165,Ghosts in the Attic,A family moves into a new home only to discover it's haunted by playful spirits.,"['Horror', 'Family', 'Comedy']",1990-10-13
166,The Last Kingdom,"In medieval times, a forgotten prince embarks on a quest to reclaim his throne from dark forces.","['Fantasy', 'Action', 'Drama']",2005-02-17
167,Tech Rebellion,A group of hackers come together to take down an oppressive corporation controlling the world's technology.,"['Sci-Fi', 'Thriller', 'Drama']",2011-09-04
168,Wanderers of Time,"A scientist discovers the key to time travel, leading to adventures through different eras.","['Sci-Fi', 'Adventure', 'Romance']",2015-08-29
169,Beyond the Mountains,"A young explorer sets out on a journey to map unknown lands, facing unknown dangers.","['Adventure', 'Drama', 'Mystery']",1982-03-10
170,Echoes of the Past,"In a war-torn town, a writer uncovers secrets that link his family's history to the war's cause.","['Drama', 'History', 'Thriller']",1995-12-15
171,Eternal Quest,A tale about the timeless journey of a heroine in a land forgotten by time.,"['Adventure', 'Fantasy']",1995-06-15
172,Moonlight Shadows,Two lovers bound by fate find themselves on opposite sides of a war among celestial beings.,"['Romance', 'Fantasy', 'Drama']",2002-11-20
173,The Coder Chronicles,"A skilled programmer is thrust into a digital war, battling against an AI set to reshape reality.","['Science Fiction', 'Thriller']",2010-05-07
174,Cats of the Citadel,"In an animated kingdom ruled by cats, a simple tabby must save his world from an unseen evil.","['Animation', 'Adventure', 'Comedy']",2017-03-17
175,Ghosts of the Past,"A haunted mansion reveals secrets of a family's past, intertwining the lives of the living and the dead.","['Horror', 'Mystery']",1999-10-30
176,Rift Raiders,"A group of explorers navigate multiple dimensions, discovering alternate versions of Earth's history.","['Action', 'Science Fiction', 'Adventure']",2015-08-21
177,Silent Echoes,"In a quiet town, a detective with the ability to communicate with the deceased solves cold cases.","['Crime', 'Drama', 'Supernatural']",2008-01-18
178,Beyond the Horizon,Astronauts on a mission to explore a newly discovered planet face challenges that question humanity's place in the universe.,"['Science Fiction', 'Drama']",2022-07-22
179,Whispering Willows,A young girl with the power to speak with plants tries to save her village from an ancient curse.,"['Fantasy', 'Family']",1987-12-12
180,The Lost Artifact,Adventurers race against time and villains to uncover a relic believed to hold the key to eternal life.,"['Adventure', 'Action', 'Mystery']",2005-09-09
181,Whispers of Tomorrow,"In a world where dreams predict the future, a young seer must navigate her visions to save her village from impending disaster.","['Fantasy', 'Drama']",1984-05-23
182,The Last Chronicle,A worn-out librarian discovers a mysterious book that reveals his life is part of an epic saga spanning centuries.,"['Adventure', 'Mystery']",1995-11-15
183,Galactic Outlaws,A ragtag crew of space pirates stumbles upon an ancient alien artifact and finds themselves on the run from galactic authorities.,"['Science Fiction', 'Action']",2005-07-19
184,Echoes in Time,A scientist experimenting with time travel must race against the clock to prevent a catastrophic future.,"['Science Fiction', 'Thriller']",2017-04-03
185,Crimson Dusk,Vampire clans clash in a bid for supremacy in a dark world of ancient rivalries and blood feuds.,"['Horror', 'Fantasy']",2001-10-31
186,Beyond the Horizon,"After discovering a hidden map, a young explorer sets out on a journey beyond the edges of the known world.","['Adventure', 'Fantasy']",1990-08-24
187,Shadows over Innsmouth,"In a quaint coastal town, unspeakable horrors lurk beneath the sea, waiting for the right moment to emerge.","['Horror', 'Mystery']",1981-03-13
188,Lost in the Cosmos,"An astronaut stranded in space faces the vast loneliness of the universe, seeking a way back home.","['Science Fiction', 'Drama']",2012-12-21
189,Empires Fall,"Amidst political turmoil, a young prince must navigate treacherous alliances to reclaim his throne from usurpers.","['Drama', 'Action']",2007-09-14
190,The Garden of Time,A mystical garden with the power to manipulate time becomes the battleground for forces seeking to control its power.,"['Fantasy', 'Thriller']",2023-03-29
191,Journey Through Starlight,"An epic adventure of a lost cosmonaut navigating through the mysteries of the universe, discovering worlds beyond imagination.","['Sci-Fi', 'Adventure']",1986-03-14
192,The Enchanted Forest,A whimsical tale of a young girl who discovers a hidden world within her grandmother's magical garden.,"['Fantasy', 'Family']",1994-07-22
193,Quantum Paradox,"A daring physicist uncovers a truth that challenges the fabric of reality, leading to a journey across dimensions.","['Sci-Fi', 'Thriller']",2005-11-05
194,Warlords of the Rift,"In a dystopian future, factions battle for control of the last habitable places on Earth, revealing courage and the will to survive.","['Action', 'Sci-Fi']",2010-09-10
195,Shadows in Time,A gripping story of a time-traveling detective racing to prevent a catastrophic future while facing shadows from his past.,"['Mystery', 'Sci-Fi', 'Drama']",1999-06-23
196,The Last Chronicles of Zara,Follow the journey of Zara as she unfolds the secrets of her lineage and battles the forces that threaten her world.,"['Fantasy', 'Adventure']",2015-03-12
197,Echoes of Silence,"A hauntingly beautiful story of love and loss, set against the backdrop of a world silenced by catastrophe.","['Drama', 'Romance']",1975-12-21
198,Neon Dreams,"In the neon-lit streets of a vibrant city, lives intertwine and dreams are pursued, revealing the heartbeats of a generation.","['Drama', 'Music']",1989-08-17
199,Digital Souls,"In the near future, technology has advanced to capture the essence of consciousness, leading to moral dilemmas and quests for identity.","['Sci-Fi', 'Drama']",2030-05-06
200,The Garden of Eve,Eve discovers a hidden garden with the power to change the world but must confront dark forces that seek its secrets.,"['Fantasy', 'Thriller']",2008-04-20
201,Glimmer in the Void,"A journey through space to find a new habitable planet, revealing untold mysteries.","['Sci-Fi', 'Adventure']",2020-06-15
202,The Last Wizard,"In a world devoid of magic, the last remaining wizard embarks on a quest to restore it.","['Fantasy', 'Drama']",2018-11-23
203,Beyond the Horizon,"Explorers venture beyond the known world, finding a land filled with wonder and danger.","['Adventure', 'Mystery']",2016-03-10
204,Echoes of Time,A time traveler's attempt to change the past has unexpected consequences on the future.,"['Sci-Fi', 'Thriller']",2019-08-05
205,Shadows over Elmridge,"A small town is haunted by dark forces, and a group of teenagers uncover its secrets.","['Horror', 'Mystery', 'Supernatural']",2017-10-31
206,Warriors of Dystoria,"In a dystopian world, a rebellion rises to fight against the oppressive regime.","['Action', 'Sci-Fi']",2021-09-20
207,Chronicles of the Forgotten Realms,An epic tale of heroes fighting against the forces of darkness to save their kingdom.,"['Fantasy', 'Epic']",2015-12-12
208,Whispers in the Dark,A detective investigates a series of gruesome murders linked to ancient occult practices.,"['Thriller', 'Horror']",2014-05-17
209,Bound by Fate,Two strangers connected by a mysterious bond navigate challenges to uncover their destinies.,"['Drama', 'Romance']",2013-02-14
210,Legacy of the Ancients,Archaeologists uncover secrets of a forgotten civilization that could change the course of history.,"['Adventure', 'Historical']",2022-04-22
211,Galactic Quest,An interstellar journey of a group of space explorers who discover the true meaning of home.,"['Sci-Fi', 'Adventure']",2001-07-29
212,The Last Wizard,"In a realm where magic is fading, the last wizard embarks on a quest to find the source of all magic.","['Fantasy', 'Drama']",2005-11-17
213,Rise of the Robot,"In the year 2200, humans and robots clash in a battle that will determine the dominant species.","['Sci-Fi', 'Action']",2023-04-15
214,The Forgotten Village,A young woman stumbles upon a village that time forgot and uncovers secrets about her lineage.,"['Mystery', 'Fantasy']",1998-05-20
215,Dance of the Phoenix,A dazzling display of rebirth and renewal as a dancer finds strength after tragedy.,"['Drama', 'Music']",2010-09-09
216,The Shadow Thief,"A master thief can steal anything, even your shadow. But what happens when he steals the wrong one?","['Thriller', 'Fantasy']",2016-03-12
217,Eternal Summers,Friends experiencing an endless summer make discoveries that could end their eternal happiness.,"['Drama', 'Romance']",2008-06-21
218,Warriors of the Ice,"In a frozen world, the last survivors must fight for their existence against ice creatures.","['Action', 'Sci-Fi']",2012-12-10
219,Flight of Dreams,Follow the journey of a pilot who dreams of flying beyond the stars and makes it a reality.,"['Adventure', 'Sci-Fi']",2003-08-23
220,Underwater Kingdom,"Discover a hidden kingdom beneath the sea, where humans are not welcome.","['Fantasy', 'Adventure']",2019-02-14
221,Skyward Chronicles,An epic saga of a lost civilisation's fight to reclaim their home planet.,"['Adventure', 'Sci-Fi']",2023-04-21
222,The Baker Street Mystery,"In Victorian London, an amateur detective and his unlikely assistant stumble upon a complex web of intrigue.","['Mystery', 'Thriller']",1978-11-15
223,Aquatic Dreamscape,"A breathtaking journey into the heart of Earth's most mysterious habitat, the ocean, told through the eyes of a marine biologist.","['Documentary', 'Adventure']",2010-03-05
224,Whispers in the Shadows,"When a recluse novelist realizes his latest work is being lived out in the real world, he must solve the mystery before it's too late.","['Thriller', 'Horror']",1989-10-22
225,Lunaria,A group of astronauts embark on a mission to explore a new planet and discover a world beyond imagination.,"['Sci-Fi', 'Adventure']",2021-07-16
226,The Last Dance,"Set in the roaring twenties, a silent film actress struggles to make her mark in a rapidly changing Hollywood.","['Drama', 'Historical']",1964-05-18
227,Rise of the Forgotten,"In a post-apocalyptic world, a group of survivors uncover secrets that could change the fate of mankind.","['Action', 'Sci-Fi']",2015-09-11
228,A Tale of Two Continents,An adventurous retelling of the conflicts and unions that shaped two mythical continents through the ages.,"['Fantasy', 'History']",1999-12-17
229,Echoes of the Past,A historical drama that outlines the pivotal moments and figures in a fictional empire's downfall.,"['Drama', 'Fantasy', 'History']",1980-04-08
230,Spectrum,An artist with the supernatural ability to see emotions as colors tries to uncover the truth behind a friend's disappearance.,"['Mystery', 'Supernatural']",2023-01-05
231,Flight of the Starwhales,"In a distant galaxy, a fleet of intelligent starwhales embarks on an epic journey to save their home from an impending supernova.","['Sci-Fi', 'Adventure']",1975-08-15
232,The Embers of Tomorrow,A post-apocalyptic survivor discovers the means to travel back in time and attempts to prevent the catastrophe that ruined the earth.,"['Drama', 'Sci-Fi']",1984-03-22
233,Mystic Pines,"In a small town surrounded by an endless forest, a newcomer uncovers centuries-old secrets and encounters the supernatural.","['Horror', 'Mystery', 'Thriller']",1991-10-09
234,Lunar Rebellion,"In the year 2245, colonists on the moon launch a rebellion against Earth's government to gain their independence.","['Sci-Fi', 'Action']",2022-07-04
235,The Timekeeper's Legacy,The last member of a lineage of timekeepers embarks on a quest through time to recover a stolen artifact that controls time itself.,"['Fantasy', 'Adventure']",2005-12-14
236,Barons of the Sea,"During the golden age of piracy, a legendary pirate captain seeks to retrieve a treasure that will alter the balance of power on the high seas.","['Adventure', 'History']",1962-05-20
237,Whispers in the Machine,A cybernetic detective in a futuristic metropolis uncovers a conspiracy that could lead to the evolution or extinction of humanity.,"['Sci-Fi', 'Noir']",2019-09-26
238,Eclipse of Destiny,A group of heroes from different timelines are brought together to stop an entity from tearing the fabric of reality.,"['Fantasy', 'Action', 'Sci-Fi']",2023-01-15
239,Beneath the Crown,A lowly squire discovers his royal bloodline and must navigate the dangerous waters of court politics to claim the throne.,"['Drama', 'History']",1989-06-16
240,Siren's Call,A marine biologist discovers a mermaid colony off the coast and must protect them from the world and vice versa.,"['Fantasy', 'Romance']",2008-11-28
241,The Twilight Mountains,A mystical journey through enchanted mountains where the twilight never ends.,"['Fantasy', 'Adventure']",2003-07-18
242,Sands of Infinity,A rogue archaeologist discovers a portal to infinite worlds buried beneath the desert sands.,"['Science Fiction', 'Adventure']",2011-11-09
243,The Last Painter,"In a colorless world, the last remaining painter discovers the secret to bring back color.","['Drama', 'Mystery']",1998-05-23
244,Cyber Quest,A band of hackers navigate through cyberspace to uncover a digital conspiracy.,"['Science Fiction', 'Thriller']",2020-01-15
245,Underwater Odyssey,A submarine crew's fantastic voyage to a hidden underwater civilization.,"['Adventure', 'Fantasy']",1984-09-12
246,Ghosts of the Past,"A haunted mansion reveals secrets of a family's past, changing the future of its latest heir.","['Horror', 'Mystery']",2007-03-22
247,Echoes of Tomorrow,"Scientists discover a way to send messages to the past, but not without unforeseen consequences.","['Science Fiction', 'Drama']",2016-06-17
248,Jungle of Dreams,"An expedition to an uncharted jungle island leads to wonder, mystery, and danger.","['Adventure', 'Fantasy']",1993-08-08
249,The Baker Street Heist,"A group of thieves plan the ultimate heist in London, only to stumble upon a Sherlock-like mystery.","['Crime', 'Mystery']",2005-12-09
250,Stars Beyond Reach,Astronauts on a one-way mission to colonize a distant planet find something unexpected.,"['Science Fiction', 'Adventure']",2022-04-14
251,The Quest for Elborea,A group of adventurers journey through mystical lands to find the lost city of Elborea.,"['Fantasy', 'Adventure']",1985-06-15
252,Robots of Neptune,"Mechanical beings from Neptune plot to take over the galaxy, starting with Earth.","['Sci-Fi', 'Action']",1992-04-07
253,Whispers in the Dark,A small town haunted by unexplained whispers and its quest to uncover the terrifying truth.,"['Horror', 'Mystery']",2001-11-02
254,Chronicles of the Forgotten Realms,"An ancient spellbook is discovered, leading to the reawakening of mythical creatures.","['Fantasy', 'Adventure']",1978-03-22
255,The Last Artist,"In a dystopian future where art is banned, one person dares to dream.","['Drama', 'Sci-Fi']",2023-01-18
256,Escape from Tomorrow,A time traveler gets stranded in an unknown era and must find his way back to the future.,"['Sci-Fi', 'Adventure']",1988-07-29
257,Garden of Shadows,A magical garden is the last refuge against dark forces encroaching on our world.,"['Fantasy', 'Thriller']",1995-05-13
258,Oceans of Time,Pirates of the seven seas unite to discover an age-old treasure hidden through time.,"['Adventure', 'Action', 'History']",1963-12-08
259,Skyward Bound,"In an era of flying cities, a young inventor seeks to create the ultimate flying machine.","['Adventure', 'Sci-Fi']",2010-09-25
260,Beyond the Mirror,A curious artifact leads to an alternate reality where every choice changes the past.,"['Drama', 'Fantasy', 'Mystery']",2005-03-31
261,Stars Beyond Time,An epic adventure of a group of astronauts discovering life beyond our solar system.,"['Sci-Fi', 'Adventure']",2022-07-15
262,Mystic Forest,A whimsical journey through an enchanted forest filled with magical creatures and ancient secrets.,"['Fantasy', 'Family']",2020-10-23
263,The Last Stand of Ertagul,A war-torn land's last hope lies in the hands of a forgotten warrior prince.,"['Action', 'Historical', 'Drama']",2018-04-06
264,Invisible Ties,A moving story about the unbreakable bond between two distant lives connected by fate.,"['Drama', 'Romance']",2016-01-15
265,Whispers in the Wind,A solitary writer finds inspiration and a touch of the supernatural in a small coastal town.,"['Mystery', 'Horror']",2019-09-20
266,Code of the Hacker,A genius but misunderstood hacker finds himself against a national threat and must use his skills to save the day.,"['Thriller', 'Sci-Fi']",2021-11-11
267,Memories of the Fallen Leaves,"A story of love, loss, and renewal set among the beautiful landscapes of autumn.","['Drama', 'Romance']",2017-03-03
268,Guardians of The Lost World,A secret society of explorers discovers a hidden world and must protect its secrets from falling into the wrong hands.,"['Adventure', 'Fantasy', 'Action']",2023-01-25
269,Echo of Silence,"In a world dominated by technology, one person has the ability to hear the Earth's dying whispers.","['Sci-Fi', 'Drama']",2022-05-07
270,Dance of the Fireflies,A gifted dancer faces tribulations and triumphs as she learns the true price of her passion.,"['Biography', 'Music', 'Drama']",2020-12-12
271,The Quest for Jalarian Orb,A group of unconventional heroes bands together on a mission through mystic lands to secure the legendary Jalarian Orb.,"['Fantasy', 'Adventure']",1985-07-16
272,Ghosts of Neptune,"In a future where humanity traverses the galaxy, a haunted spaceship brings a chilling mystery to a crew of astronauts.","['Sci-Fi', 'Thriller']",1999-11-23
273,Luminary Shadows,A young witch must navigate the treacherous paths of power and destiny in her quest to reclaim her family's ancient artifacts.,"['Fantasy', 'Drama']",2010-02-14
274,Hackerâ€™s Enigma,An elite hacker is swept into a dangerous game of cat and mouse after discovering a conspiracy that reaches beyond cyber space.,"['Thriller', 'Mystery']",2007-06-09
275,The Comedian's Mask,A once-famous comedian attempts to revive his career while dealing with his tortured past and the changing world around him.,"['Drama', 'Comedy']",2013-12-05
276,Battle of Silent Stars,"Galactic armies clash in an ultimate confrontation for control over a resource-rich planet, determining the fate of alien civilizations.","['Sci-Fi', 'Action']",2022-04-17
277,Whispers in the Dark,"After moving to a remote village, a family discovers ancient secrets and the supernatural forces guarding them.","['Horror', 'Mystery']",1976-10-31
278,Rise of the Dreamers,"In a dystopian future, a group of dream interpreters embarks on a journey to unlock the power of dreams and overthrow a tyrannical regime.","['Sci-Fi', 'Drama']",2050-05-06
279,Echos of the Forgotten,"A historian researching a long-lost civilization uncovers truths that should have remained buried, awakening a forgotten horror.","['Adventure', 'Horror']",1987-03-22
280,Beyond the Last Horizon,The crew of an exploratory space mission discover a new planet that challenges their understanding of life itself.,"['Sci-Fi', 'Adventure']",2016-07-29
281,Beyond the Eclipse,A journey through uncharted galaxies to find a lost civilization.,"['Sci-Fi', 'Adventure']",1998-07-16
282,The Last Whisper,"In a world of silence, a single voice can change everything.","['Drama', 'Mystery']",2003-11-02
283,Winds of the Past,A historian travels back in time to uncover the truth behind a legendary battle.,"['Fantasy', 'Historical']",1985-09-20
284,Shadows in the Mist,A group of explorers discovers a new realm hidden within an ancient forest.,"['Adventure', 'Mystery', 'Fantasy']",1995-12-15
285,Echoes of Tomorrow,"Scientists stumble upon a device that can predict the future, but at what cost?","['Sci-Fi', 'Thriller']",2005-08-04
286,Crimson Tide,Pirates and royals clash over a mythical island filled with treasures beyond imagination.,"['Action', 'Adventure']",2010-05-22
287,Sands of Time,"In ancient Egypt, a pharaoh's quest for immortality leads to unexpected consequences.","['Historical', 'Fantasy']",1991-03-11
288,Beyond Reality,"A group of friends enters a virtual world, only to find it's more real than they imagined.","['Sci-Fi', 'Action', 'Adventure']",2019-02-15
289,The Lost Symphony,An old music sheet reveals the path to a symphony that was never performed.,"['Drama', 'Music']",1982-06-30
290,Rise of the Shadows,"A dark force emerges, and the only hope is a group of unlikely heroes.","['Fantasy', 'Action']",2022-07-09
291,Flight of the Chronicles,A journey through uncharted skies leads a crew to discover ancient secrets hidden among the stars.,"['Adventure', 'Fantasy', 'Sci-Fi']",1985-06-15
292,The Last Enchanter,"In a world devoid of magic, the last enchanter embarks on a quest to return what was lost.","['Fantasy', 'Drama']",1992-11-22
293,Neon Samurai: 2049,"In a dystopian future, a rogue samurai fights to overthrow the tyrannical technocracy.","['Action', 'Cyberpunk']",2021-07-04
294,The Baker Street Heist,"A group of cunning thieves plan the ultimate robbery in the heart of London, but Sherlock is on their trail.","['Crime', 'Mystery', 'Thriller']",2005-03-14
295,Eclipse of Destiny,Fate brings together two sworn enemies to face a common threat that could alter the course of their worlds.,"['Fantasy', 'Action', 'Adventure']",2010-09-29
296,Rise of the Forgotten,A band of unlikely heroes must unite to prevent the resurgence of an ancient power long thought to be lost.,"['Adventure', 'Sci-Fi', 'Fantasy']",2016-12-16
297,Whispers in the Shadow,An investigator with the ability to communicate with ghosts solves mysteries that are intertwined with the supernatural.,"['Mystery', 'Supernatural']",2002-05-20
298,Cerulean Orb,A young mage embarks on a perilous journey to retrieve a powerful artifact before it falls into the wrong hands.,"['Fantasy', 'Adventure']",1995-08-15
299,Mechanized Wrath,"In a world dominated by machine overlords, a group of rebels fights for humanity's last hope of freedom.","['Sci-Fi', 'Action']",2023-04-10
300,The Silence of Echoes,A detective with the ability to hear the past takes on a case that unravels their own mysterious heritage.,"['Drama', 'Mystery', 'Supernatural']",1988-10-11
