Movie ID,Movie Name,Movie Description,Movie Genre
1,Whispers of the Ancients,"An epic journey to uncover the secrets left by an ancient civilization, leading to unexpected discoveries.","Adventure, Mystery"
2,Tales of the Forgotten,A group of explorers find a hidden city where the impossible is reality.,"Fantasy, Adventure"
3,Beyond the Horizon,Scientists exploring new realms of space encounter wonders and dangers beyond imagination.,"Sci-Fi, Thriller"
4,The Last Wizard,The final protector of magic embarks on a quest to vanquish a rising darkness threatening the world.,"Fantasy, Drama"
5,Echoes of Time,A time-traveler's pursuit to change history intertwines the fates of past and future generations.,"Sci-Fi, Romance"
6,Shadow over Elmridge,"A small town is haunted by a centuries-old curse, and its inhabitants must confront their darkest fears.","Horror, Mystery"
7,Galactic Defenders,An elite squad of space warriors battles to save the universe from an interstellar warlord.,"Action, Sci-Fi"
8,Serpent's Curse,An archaeologist unleashes a curse when she discovers an ancient serpent tomb. Adventure and chaos follow.,"Adventure, Thriller"
9,The Dreamweavers,A secretive group of individuals with the ability to manipulate dreams must save the world from an unseen enemy.,"Fantasy, Action"
10,Riders of the Storm,"In a post-apocalyptic world, a band of survivors fights against nature's fury to restore humanity.","Action, Adventure"
11,The Crystal Depths,An underwater expedition reveals more than just the mysteries of the deep sea.,"Adventure, Sci-Fi"
12,Flames of Rebellion,"A revolutionary leader emerges in a dystopian society, igniting the spark of change against oppressive rulers.","Drama, Action"
13,Vanishing Point,A detective on the verge of retirement is pulled into a case that spirals into obsession.,"Mystery, Thriller"
14,The Enchanted Forest,A young girl discovers a magical forest where the line between reality and fantasy blurs.,"Fantasy, Family"
15,Echoes of Silence,"In a world where silence has overtaken all, a lone survivor seeks the truth behind the quiet.","Drama, Sci-Fi"
16,The Rift,"Two parallel worlds collide, causing inhabitants from both sides to confront their alter egos.","Sci-Fi, Adventure"
17,Nights of the Crow,A small town detective investigates a series of murders linked to an ancient legend.,"Horror, Mystery"
18,The Guardians of Lore,A band of unlikely heroes is tasked with protecting the world's most powerful myths and legends.,"Fantasy, Adventure"
19,Phantoms of the Past,A haunted man confronts his ghostly ancestors to uncover a hidden family secret.,"Drama, Horror"
20,Eclipse of Destiny,Fate leads two strangers on a journey that will decide the fate of the world.,"Adventure, Romance"
21,The Artisan's Key,"A mystical artifact brings creativity to life, with dangerous consequences.","Fantasy, Thriller"
22,The Last Voyage,"A retired sailor embarks on one final sea journey, finding adventure and peril.","Adventure, Drama"
23,Veil of Shadows,"In a world consumed by darkness, a flicker of light promises change for all.","Fantasy, Drama"
24,Sands of Eternity,Time travelers fight against the sands of time to prevent the end of the world.,"Sci-Fi, Adventure"
25,The Clockmaker's Secret,A clockmaker's invention unlocks doors to different times but also attracts dangerous attention.,"Mystery, Sci-Fi"
26,Into the Abyss,A deep-sea explorer discovers a hidden world beneath the ocean's surface.,"Adventure, Sci-Fi"
27,The Call of the Wilds,A young woman discovers her connection to a world ruled by nature and magic.,"Adventure, Fantasy"
28,A Thief's Honor,A notorious thief faces the ultimate heist that may cost him everything he values.,"Action, Drama"
29,Reign of Fire,"In a land scorched by dragons, the remnants of humanity fight to reclaim their world.","Fantasy, Action"
30,The Forgotten Ones,Survivors of a lost civilization struggle to make a place for themselves in a new world.,"Drama, Sci-Fi"
31,Quantum Parallels,A scientist discovers alternate realities but finds herself tangled in a multiverse conspiracy.,"Sci-Fi, Thriller"
32,The Shadows Whisper,"A man gains the ability to communicate with shadows, uncovering secrets better left hidden.","Thriller, Fantasy"
33,Winds of Fate,Strangers join forces to overcome the magical tempests dominating their lands.,"Fantasy, Adventure"
34,The Last Stand,"Humanity makes a final stand against an unbeatable foe, with unexpected alliances shaping the outcome.","Action, Drama"
35,Frozen Echoes,"In a frozen wasteland, survivors uncover a truth that will challenge everything they believe in.","Sci-Fi, Thriller"
36,The Mind's Eye,"A detective uses psychic abilities to solve cases, but the visions come with a personal cost.","Mystery, Sci-Fi"
37,Path of the Ronin,"In feudal Japan, a masterless samurai seeks redemption and a new purpose.","Action, Drama"
38,Stars Beyond Reach,"Astronauts on a distant planet struggle to make a life in the stars, facing both external and internal challenges.","Sci-Fi, Drama"
39,The Forged Kingdom,A lost heir to a mythical kingdom must prove his worth to reclaim his throne.,"Fantasy, Adventure"
40,The Chalice of Souls,"Adventurers embark on a quest to locate a legendary artifact, rumored to grant eternal life.","Adventure, Fantasy"
41,Realms Unseen,"An otherworldly discovery bridges the gap between dimensions, inviting both wonder and terror.","Sci-Fi, Horror"
42,The Memory Thief,"A man gains the ability to steal memories, only to find his own are disappearing.","Drama, Sci-Fi"
43,Heart of the Storm,"Amidst a world-ending hurricane, a group of people find hope and humanity in each other.","Drama, Adventure"
44,Labyrinth of Illusions,"Trapped in a maze that manipulates reality, a team must distinguish truth from deception to escape.","Mystery, Thriller"
45,Chronicles of the Void,"Explorers venture into the void between worlds, uncovering secrets meant to remain hidden.","Sci-Fi, Adventure"
46,The Siren's Call,Sailors face their deepest desires and darkest fears as they encounter a mythical siren.,"Fantasy, Drama"
47,Ashes of Tomorrow,"A post-apocalyptic society attempts to rebuild, facing threats from within and without.","Sci-Fi, Drama"
48,The Hidden Realm,A portal to another world reveals a kingdom where magic is in peril.,"Fantasy, Adventure"
49,The Serpent's Heir,A young hero must unify warring kingdoms to defeat a dragon that threatens all.,"Adventure, Fantasy"
50,The Age of Wonder,"In a reimagined Renaissance, inventors and dreamers challenge the boundaries of possibility.","Historical, Fantasy"
