ID,Rating,Review
1,5,Absolutely brilliant series! The storyline had me hooked from the first episode.
2,4,"Great characters and plot development, though the final season felt a bit rushed."
3,3,"Decent watch, but some episodes felt unnecessarily dragged. Great special effects though."
4,2,Struggled to finish this one. The concept was interesting but poorly executed.
5,1,Couldn't get past the first few episodes. Not my cup of tea.
6,5,A masterpiece of visual and storytelling excellence. A must-watch!
7,4,Really enjoyed it! A few predictable moments but overall very entertaining.
8,3,Good for a one-time watch. The acting was superb but the script lacked depth.
9,2,Wanted to like it more but found it hard to connect with the main characters.
10,1,Fell flat for me. The pacing was all over the place and the ending was disappointing.
11,5,Absolutely breathtaking! The twists were unexpected and kept me on the edge of my seat.
12,3,"It was okay, but felt like it dragged on in parts. Could have been shorter."
13,4,Great character development and the storyline was engaging. Would recommend!
14,2,Disappointed by the predictable plot. Felt like I've seen it all before.
15,5,A masterpiece of its genre. The visuals were stunning and the plot was intriguing.
16,4,"Really good! A few plot holes, but overall an enjoyable watch."
17,3,Average. Nothing new but not entirely boring either.
18,1,Couldn't even finish it. Terrible dialogue and nonsensical plot twists.
19,4,"Impressive! Wasn't sure at the start, but it definitely grew on me."
20,5,"This is a must-watch! The storyline, acting, and production were all top-notch. A true gem."
21,4,A riveting journey through enchanted realms. Left me breathless!
22,5,Heartwarming tale with an unexpected twist. Truly a masterpiece.
23,3,Fun to watch but kind of predictable. The visuals were stunning though.
24,5,An epic saga that redefines the genre. Absolutely unforgettable.
25,2,"Tried too hard to be deep and meaningful. Sadly, missed the mark."
26,4,A delightful blend of comedy and tragedy. Highly recommend.
27,3,It's okay. A decent way to spend an evening but nothing spectacular.
28,1,Couldn't make it through the first half. Very disappointing.
29,5,A magical masterpiece. Takes you on an adventure you'll never forget.
30,2,Lots of hype but ultimately lacks substance. Visuals were the only good part.
31,5,Absolutely mind-blowing! A visual masterpiece with a compelling storyline.
32,4,Great watch! Some episodes dragged on but overall very engaging.
33,2,Started strong but lost its way halfway through. Could have been much better.
34,3,Average. Some good moments but nothing exceptional.
35,4,Loved the characters and the plot twists! Would definitely recommend.
36,1,Disappointing. Failed to live up to the hype.
37,5,A true classic! Every moment was captivating.
38,3,It was okay. Enjoyable but not memorable.
39,5,Incredible! The storytelling and animation blew me away.
40,2,"Had potential, but the execution was poor. Not worth the time."
41,5,"Absolutely thrilling from start to finish, characters were so well-developed!"
42,2,Found it quite boring and predictable. The landscape shots were the only redeeming quality.
43,4,"Great character arcs and amazing special effects, but the finale was a bit of a letdown."
44,3,"It was alright, some episodes in the middle felt like filler, but it picked up towards the end."
45,5,Masterpiece! Every scene feels significant and the soundtrack is phenomenal.
46,1,Couldn't get past the first few episodes. Felt too slow and none of the characters clicked with me.
47,4,"Has its ups and downs, but overall a very touching story with some unexpected twists."
48,2,"The concept was intriguing, but the execution left much to be desired. Seemed like it couldn't decide on its tone."
49,4,"Visually stunning, with a gripping plot to boot. Some dialogues felt a bit forced though."
50,3,Decent watch. Some arcs felt redundant and could have been replaced with more backstory for the main cast.
51,5,"Absolutely loved it, a true masterpiece from start to finish"
52,3,"It was okay, had its moments but overall quite predictable"
53,4,"Great watch, really enjoyed the plot twists!"
54,2,"Not my cup of tea, struggled to get through the first few episodes"
55,5,Incredible! The character development was phenomenal
56,1,"Couldn't make it past the first episode, it was that bad"
57,4,"Pretty good, I would recommend it to friends"
58,3,"Average, nothing special but not terrible either"
59,4,"Had a lot of fun watching, the cast really carried the show"
60,5,"A riveting narrative, kept me hooked the entire time. Absolutely brilliant!"
61,5,Absolutely fantastic! Kept me on the edge of my seat from start to finish.
62,3,"It was okay, not the best I've seen but entertaining enough."
63,4,Great character development and plot twists! Really enjoyed it.
64,2,Found it quite boring and predictable. Not my cup of tea.
65,5,"A masterpiece! Visuals, storytelling, and acting were all top-notch."
66,1,Couldn't get past the first episode. Really not for me.
67,4,Very engaging and well-produced. Looking forward to the next season.
68,3,Had its moments but was a bit dragged out in places.
69,5,Loved every moment! The casting was perfect and so was the plot.
70,4,Impressive storyline with brilliant cinematography. Lost a point for the pacing in the middle.
71,5,Absolutely mesmerizing! A journey I never wanted to end.
72,3,Interesting premise but fell short on character development.
73,4,Great entertainment with some unexpected twists. Highly recommend!
74,2,Had high hopes but was ultimately disappointed. The plot was too predictable.
75,5,A masterpiece! Every moment was captivating.
76,1,Struggled to get through it. Not my cup of tea.
77,4,Really enjoyed the storyline and the characters. Would watch a sequel.
78,3,"Decent watch, though some parts felt rushed."
79,4,A solid entry into the genre. Likable characters and a compelling plot.
80,5,Blew me away! An unforgettable experience that I'll likely revisit.
81,5,Incredible storyline with mind-bending twists. A classic!
82,4,"Great character development, but felt a bit slow in the middle."
83,3,"Fairly entertaining, though predictable at times."
84,2,"Lacked the depth I was hoping for, but the special effects were good."
85,5,Absolutely phenomenal! The world-building is unmatched.
86,4,"Great action-packed sequences, but the ending was a bit of a letdown."
87,1,Failed to hold my attention. The plot was all over the place.
88,3,Not bad. A decent watch with a few standout moments.
89,4,"Really enjoyed the cinematography and soundtrack, although the pacing was off."
90,5,A masterpiece! Engaging from start to finish with superb acting.
91,5,Absolutely mind-blowing! The plot twists had me at the edge of my seat
92,3,"It was okay, some episodes were a bit slow but overall an enjoyable experience"
93,4,Great character development and stunning visual effects. A must-watch!
94,2,Started strong but lost its charm midway. The ending was too predictable
95,4,Loved the chemistry between the protagonists. The soundtrack is also fantastic!
96,5,A masterpiece! Every scene is a work of art. Highly recommend.
97,3,Good for a one-time watch. Some plot points didn't make sense to me
98,1,Couldn't get past the first few episodes. Not my cup of tea
99,5,An emotional rollercoaster from start to finish. Absolutely loved it!
100,4,Engaging storyline with fantastic world-building. Eagerly awaiting the next season
101,5,Exceptional storytelling with intricate characters. A masterpiece!
102,3,Started strong but lost its way in the later seasons.
103,4,"Great visuals and sound design, the narrative was engaging but had a few plot holes."
104,2,"Disappointing finale, felt like the writers rushed it."
105,5,Remained true to its source material and brilliantly executed.
106,1,Struggled to finish it. Lacked character development and a coherent story.
107,4,"Solid performances by the cast, and an interesting twist at the end."
108,3,Good for a one-time watch but wouldn't recommend for a rewatch.
109,5,"Unforgettable experience, this show will stay with me for a long time."
110,2,"Too predictable and clichéd, could have been executed better."
111,4,A visual feast with a slow start but an incredible ending
112,5,Never have I been so captivated by a show's storyline and characters
113,3,Decent watch but some episodes felt unnecessarily long
114,2,Had high hopes but was disappointed by the lackluster plot and pacing
115,5,"A masterpiece of storytelling, acting, and cinematography"
116,4,Engaging and thrilling from start to finish
117,1,Struggled to get through the first episode. Not for me unfortunately
118,3,"It's okay, nothing to write home about. Pretty standard fare"
119,4,Great character development and plot twists that keep you guessing
120,2,I wanted to like it more but found it quite predictable and boring
121,5,An epic journey that left me on the edge of my seat from start to finish!
122,4,"Great characters and story development, though it felt a bit rushed in the final episodes."
123,3,Started strong but lost its way in the middle. Hope the next season redeems it.
124,2,"Had high expectations based on the trailer, but the plot was predictable and lacked depth."
125,5,Absolutely mind-blowing! The special effects and story arc were top-notch.
126,1,"Struggled to get through it. The dialogues were cliché, and the acting subpar."
127,4,Very impressive world-building and lore. A must-watch for fantasy lovers.
128,3,"Good for a one-time watch. Some plot holes and inconsistencies, but overall enjoyable."
129,4,Compelling storytelling and fascinating characters. Really makes you think!
130,2,The concept was interesting but poorly executed. The pacing was too slow for my liking.
131,5,An absolute masterpiece that kept me on the edge of my seat from start to finish!
132,4,Great storytelling and unforgettable characters. Just felt it dragged a bit in the middle.
133,2,Had high expectations but ended up being quite disappointed. Plot holes everywhere.
134,3,Decent watch. Not something I'd rave about but good to pass the time.
135,5,Phenomenal! The twist at the end left me speechless. A must-watch.
136,1,"Honestly, what was that? Couldn't sit through the whole thing."
137,4,Visually stunning with a compelling storyline. Just wish the pacing was a bit faster.
138,2,A swing and a miss. Great concept but poorly executed.
139,5,I've watched it three times already and it gets better with each viewing. Incredible!
140,3,It was okay. Some parts were exciting but overall it felt pretty predictable.
141,4,"Engaging plot with unexpected twists, highly recommend!"
142,5,"Truly a masterpiece, everything from acting to visuals was stunning."
143,3,Decent plot but felt it dragged on in parts. Good for one-time watch.
144,2,Had high expectations but was let down by the lackluster storyline.
145,5,Incredible storytelling. This show kept me on the edge of my seat!
146,1,"Could not get past the first episode, not my cup of tea."
147,4,Great character development and plot twists. Thoroughly enjoyed it.
148,3,"It was alright, a few good moments but otherwise pretty predictable."
149,5,"An absolute gem, every episode was brilliant. A must-watch!"
150,2,Tried to like it but ultimately found it boring and unoriginal.
151,5,Astoundingly mysterious with a twist I never saw coming!
152,4,"Great character development, but felt the pace was a bit slow at times."
153,3,"Decent watch, but somewhat predictable plot lines."
154,5,"A masterpiece of visual storytelling, every frame is a painting."
155,2,Struggled to keep my attention. The story was all over the place.
156,4,"Engaging and heartfelt, though some moments felt forced."
157,1,Couldn't get through the first episode. Not for me.
158,5,An emotional rollercoaster that had me in tears. Brilliantly done!
159,3,Average. Had its moments but nothing particularly memorable.
160,4,"Captivating narrative and immersive world, though some plot twists were obvious."
161,5,Absolutely mesmerizing! A true masterpiece from start to finish.
162,2,Fell short of expectations. Quite predictable and lacked originality.
163,4,"Great watch! Had a few plot holes but overall, an enjoyable experience."
164,3,Decent. Good for a one-time watch but nothing more.
165,4,Really impressed with the visuals. The storyline was captivating too.
166,1,Could barely make it through the first episode. Not my cup of tea.
167,5,A rollercoaster of emotions. The character development was superb!
168,3,"It was okay. Some episodes were great, while others felt too dragged."
169,5,An unforgettable journey. This show has set a new benchmark for its genre.
170,2,Tried too hard to be mysterious and edgy. It just didn't work for me.
171,4,Absolutely thrilling from start to finish! Could not turn it off.
172,5,"Laughed, cried, and screamed. A rollercoaster of emotions. Definitely a must-watch!"
173,2,Started strong but lost its magic midway. Ended up finishing it just because I started.
174,3,Good enough to kill some time. Not something I'd recommend for a serious binge.
175,4,"Interesting concept and great character development. A few plot holes, but worth the watch."
176,5,An epic tale that kept me on the edge of my seat. Fantastic world-building and unprecedented twists!
177,1,Couldn't make it past the first episode. Not my cup of tea.
178,3,"Has its moments, but generally a pretty average show. Good for background noise."
179,5,Masterpiece. Every element from storytelling to visual effects was top-notch. Highly recommend!
180,4,"Quirky, fun, and unexpected. A refreshingly different show that doesn't take itself too seriously."
181,5,Absolutely mesmerizing! Never watched anything like it.
182,3,"It was decent. A few plot holes here and there, but enjoyable overall."
183,4,"Great show with some epic moments, though it feels a bit rushed towards the end."
184,2,Had high expectations but was greatly disappointed. The storyline felt disjointed.
185,5,"A masterpiece. The characters, the plot, the twists - perfection."
186,1,Couldn't get through the first episode. Not for me.
187,4,Really good. I was hooked from the first episode.
188,3,It's okay. Some good parts but overall pretty forgettable.
189,5,Outstanding! Everything from the cast to the screenplay was top-notch.
190,2,"Tried to like it, but it just didn't click with me. The pacing was all over the place."
191,5,Absolutely mind-blowing! A rollercoaster of emotions throughout.
192,4,Great storyline with some excellent character development. Just felt the ending was a bit rushed.
193,2,Struggled to keep interested. The plot was all over the place.
194,3,Average watch. Good for a one-time watch but nothing memorable.
195,4,Really enjoyed the cinematography and the unique storytelling angle. Worth watching!
196,5,"A masterpiece! Every scene is a feast for the eyes, and the story is deeply moving."
197,1,Couldn't make it through the first thirty minutes. Not for me.
198,3,It was okay. Some parts were entertaining but overall it was predictable.
199,5,"The best series I've seen this year! The cast, script, and execution were all top-notch."
200,2,Had high expectations but was left disappointed. Characters were not as engaging as hoped.
201,4,"Had a great time watching, definitely a nail-biter!"
202,5,Absolutely mind-blowing! The plot twists were unexpected.
203,3,Good but not great. Felt like it dragged on in some parts.
204,2,Struggled to keep my attention. The storyline was all over the place.
205,5,Outstanding performance by the cast! A must-watch for everyone.
206,1,I wish I could unwatch this. It was a complete waste of time.
207,4,"Very entertaining and insightful. A few plot holes, but worth the watch."
208,4,A thrilling ride from start to finish. Highly recommended!
209,3,Decent watch. It has its moments but nothing groundbreaking.
210,5,An epic journey! The storytelling was top-notch. Couldn't ask for more.
211,5,Absolutely mind-blowing! A rollercoaster of emotions from start to finish.
212,4,"Great story with captivating characters, though it dragged a bit in the middle."
213,2,Had high hopes but it unfortunately fell flat. The plot twists were predictable.
214,3,Decent watch. Good for a one-time viewing but nothing memorable.
215,5,Incredible! The visual effects and storyline grip you until the very end.
216,1,Struggled to get through it. Not engaging at all.
217,4,"Very entertaining and well-produced. A few plot holes, but overall a great experience."
218,3,"It’s okay. Worth watching for the performances, even if the story is a bit lacking."
219,5,A masterpiece in every sense. This will be remembered for decades to come.
220,4,Solid entertainment with a few unexpected twists. The ending was particularly satisfying.
221,5,Absolutely mind-blowing! A rollercoaster of emotions from start to finish.
222,3,"Decent watch, but the plot twists were somewhat predictable."
223,4,"Great acting and cinematography, though the pacing was a bit off at times."
224,2,"Had high expectations, but was left disappointed. The storyline lacked originality."
225,5,An exceptional masterpiece that kept me on the edge of my seat. Highly recommend!
226,1,Struggled to get through it. The characters were flat and uninteresting.
227,4,"Visually stunning with a captivating story. A few plot holes, but overall a great watch."
228,3,Enjoyable but nothing groundbreaking. Worth watching on a lazy afternoon.
229,5,A tour de force! The narrative structure is inventive and engaging. A real gem.
230,2,The pacing was all over the place and the finale was anticlimactic. Could've been much better.
231,5,Absolutely mesmerizing! I was captivated from the first scene to the last.
232,4,Great storyline with some unexpected twists. Worth a watch!
233,3,Good performances but the plot was somewhat predictable.
234,2,Had high hopes but was let down by the weak script and pacing.
235,4,"Very immersive universe with complex characters. However, it felt a bit rushed towards the end."
236,1,Failed to live up to the hype. Could barely get through the first episode.
237,5,A masterpiece of its genre. Extraordinary execution and remarkable storytelling.
238,3,Average entertainment. Good for a lazy evening but nothing more.
239,5,"This show was a journey! Emotional, thrilling, and completely engaging."
240,2,Struggled to find its footing. Some good elements but overall disappointing.
241,5,An absolutely mind-bending journey through the realms of fantasy and adventure. A must-watch!
242,2,"Sadly, it fell short of expectations. The storyline was too predictable and lacked originality."
243,4,"Great show with strong character development and stunning visuals. Some episodes felt a bit slow, but overall a fantastic experience."
244,3,An average show. Had its moments but didn't fully capture my attention. Worth a watch if you're into the genre.
245,5,"An epic saga that perfectly blends drama, action, and romance. Absolutely captivating from start to finish!"
246,4,"Very compelling storyline with unexpected twists. Some plot points seemed forced, but it didn't detract too much from the enjoyment."
247,1,Disappointing. The acting was subpar and the plot was riddled with clichés. Not worth the time.
248,5,A masterpiece of storytelling. The narrative is powerful and the character arcs are deeply moving. Highly recommended.
249,3,"It's okay, not particularly groundbreaking but entertaining enough to binge on a lazy afternoon."
250,2,"Had high hopes based on the trailer, but was ultimately let down. The pacing is odd and many questions are left unanswered."
251,5,An absolutely thrilling journey from start to finish. Could not take my eyes off the screen!
252,3,"Decent plot but felt like it dragged on in the middle. Still, some standout performances."
253,4,Great character development and stunning visuals. A few predictable twists but enjoyable overall.
254,2,"Had high expectations, but it unfortunately fell flat. The storyline was all over the place."
255,5,A masterpiece! Every scene was beautifully crafted. The soundtrack also deserves a shout-out.
256,4,Solid storytelling with an engaging script. The lead actor did an incredible job.
257,1,Couldn’t get past the first 30 minutes. It was trying too hard to be edgy but lacked substance.
258,5,"A rollercoaster of emotions. I laughed, I cried, and was on the edge of my seat. Must-watch!"
259,3,"An interesting concept, but the execution could have been better. Worth a watch if you've got nothing else."
260,4,Visually stunning with a thought-provoking narrative. Slow in places but picks up towards the end.
261,5,A breathtaking journey through imaginative worlds. Couldn't take my eyes off the screen!
262,4,"Great pace with a few unexpected twists. However, some characters felt underdeveloped."
263,3,Average watch. Good for a lazy Sunday afternoon but nothing out of the ordinary.
264,2,"Had high hopes based on trailers, but it just fell flat. The storyline was all over the place."
265,5,"An absolute masterpiece! Every frame is a painting, and the story will tug at your heartstrings."
266,4,"Solid watch! I enjoyed the character development, though the climax was predictable."
267,1,Disappointing. It seemed promising but completely lost its charm midway. Won't recommend.
268,3,"It's okay, not the best I've seen but kept me entertained. The cinematography was stunning though."
269,4,Quite good! The action sequences were top-notch. A bit more background on the protagonist would've been nice.
270,5,"An emotional rollercoaster, superbly acted and shot. This story sticks with you long after the end."
271,4,Engaging and full of surprising twists
272,5,A masterpiece that kept me on the edge of my seat
273,3,Decent storyline but could use more character development
274,2,"Had potential, but fell short on execution"
275,5,An emotional rollercoaster with brilliant performances
276,1,Disappointing and unoriginal plot
277,4,Visually stunning with a captivating soundtrack
278,3,"Good for a one-time watch, but nothing memorable"
279,5,"Absolutely phenomenal, a must-watch for everyone"
280,2,Tried too hard to be meaningful but ended up feeling forced
281,5,Absolutely exceptional storytelling! The characters were deep and complex.
282,4,Great watch with a few unexpected twists. Kept me hooked till the last episode.
283,2,Found it quite slow and dragging after the first few episodes. Not for me.
284,3,Decent attempt but could've been better with stronger character development.
285,5,Masterpiece. Every scene is a tapestry of cinematic brilliance.
286,1,Failed to live up to the hype. Uninspiring and predictable story line.
287,4,Solid performances and a gripping narrative. A very good season overall.
288,3,"Average fare. Some episodes were great, while others felt like they were just filling time."
289,4,Innovative concept and well-executed. Engaging till the very end.
290,5,A rollercoaster of emotions. Brilliantly written characters that you can't help but fall in love with.
291,5,An absolutely mind-blowing experience! The characters and plot twists kept me on the edge of my seat.
292,3,"It was okay, but I felt it dragged on in some parts. Worth watching at least once."
293,4,"Great characters and storyline. Some episodes felt a bit slow, but overall a solid watch."
294,5,Unforgettable journey! The visual effects and depth of storytelling were groundbreaking.
295,2,Not my cup of tea. The plot was predictable and it lacked originality.
296,4,"Impressive world-building and character development. Some pacing issues, but definitely a must-watch."
297,5,A masterpiece! Every episode left me wanting more. The finale was especially powerful.
298,1,Struggled to finish it. The storyline was confusing and didn't seem well thought out.
299,3,"Average. Has its moments, but overall doesn't stand out."
300,4,"Very entertaining and well-produced. A few plot holes, but they don't detract from the overall enjoyment."
301,4,"Interesting plot twists, but needed better character development"
302,5,Absolutely loved it! The storyline was engaging from start to finish
303,3,"Decent watch, but nothing out of the ordinary"
304,2,Found it quite boring and predictable
305,5,A masterpiece! Brilliantly executed with perfect pacing
306,4,"Great acting and direction, but the ending was a bit rushed"
307,1,Couldn’t get past the first episode. Didn’t catch my attention at all
308,5,An emotional rollercoaster. Had me in tears and laughter
309,3,Average. Good for a one-time watch
310,2,Tried too hard to be profound. Ended up being a confusing mess
311,5,Absolutely loved it! A stunning visual treat with a compelling story to match.
312,3,"It was okay, some parts were entertaining but overall, it didn't live up to the hype."
313,4,"Great watch, had some flaws but definitely worth the time."
314,1,Disappointing. It failed to capture the essence of what it promised.
315,5,"Incredible! Every moment was thrilling, and kept me on the edge of my seat."
316,2,Not my cup of tea. The plot was predictable and lacked originality.
317,5,Masterpiece! It's rare to come across a show that excels in every aspect.
318,4,Very engaging. A few minor issues but still a very compelling watch.
319,3,"Had its moments, but overall quite forgettable. Wouldn't watch again."
320,5,A beautiful journey from start to finish. Exceptionally well done.
321,5,Absolutely breathtaking! A visual masterpiece with a story that pulls at the heartstrings.
322,4,"Great watch, intriguing plot and fantastic character development. A few slow moments but overall impressive."
323,2,Had high expectations but was left disappointed. The storyline was predictable and lacked depth.
324,3,Decent entertainment for a lazy afternoon. Nothing groundbreaking but enjoyable enough.
325,4,"Engaging from start to finish. Some twists were a bit cliché, but solid acting made up for it."
326,5,Mind-blowing! The plot twists had me on the edge of my seat. Superb acting by the entire cast.
327,1,Couldn't get past the first 30 minutes. Poorly scripted and the acting was cringe-worthy.
328,3,Average movie. Good for watching without much thought. Predictable but had a few laughs.
329,4,A refreshing story with a unique concept. Great direction and production. Leaves you thinking.
330,2,Started strong but quickly lost its charm. Too many unresolved plot lines and weak character development.
331,5,Absolutely mind-blowing! A rollercoaster of emotions.
332,4,Great storytelling with a few unexpected twists. Recommended!
333,3,Decent watch. Some parts were slow but overall enjoyable.
334,2,Had potential but fell short on character development.
335,1,Wasted my time. Plot was predictable and unoriginal.
336,4,Visually stunning and packed with action!
337,5,A masterpiece! Exceptional characters and mesmerizing plot.
338,2,The pacing was off and it lacked depth.
339,3,"Good effort, but some scenes felt unnecessary."
340,4,Innovative and thought-provoking. Highly recommend.
341,5,Absolutely breathtaking! A rollercoaster of emotions from start to finish.
342,3,"It was alright, some parts dragged a bit too long for my taste."
343,4,"Great storyline, but the ending was a bit predictable."
344,2,Had high hopes but was left disappointed. The character development was lacking.
345,5,A masterpiece! Every scene was a work of art.
346,1,Couldn't get past the first 20 minutes. Not for me.
347,4,Engaging and thrilling! Kept me on the edge of my seat.
348,5,An epic journey that I would happily embark on again. Exceptional!
349,3,"Fun to watch, but I don't think I'd rewatch it."
350,4,Solid performance from the cast and an interesting plot twist. Very enjoyable.
351,5,Absolutely stunning! A masterpiece that lingered in my thoughts long after the credits rolled.
352,2,Disappointing plot twists and lackluster character development. Expected much more!
353,4,Great visuals and a compelling story. Would have been perfect if not for a few plot holes.
354,3,Average watch. Entertaining but nothing out of the ordinary. Might recommend for a lazy Sunday.
355,5,Best show of the year! The storyline is intricate and full of surprises. Stellar performances.
356,1,Couldn't sit through it. The pacing was all over the place. Definitely not for me.
357,4,Very engaging and thought-provoking. Just wish the ending was a bit more resolved.
358,3,"Fun and quirky, though it tries too hard at times. Still, a decent watch."
359,2,"Had potential, but ultimately fell flat due to predictable plotlines."
360,5,An emotional rollercoaster from start to finish. Brilliant script and acting. A must-watch.
361,4,Truly a masterpiece with stunning visuals and deep storyline. Left me pondering for days!
362,2,"Had high expectations, but was greatly disappointed. Felt like the plot was lacking depth."
363,5,An epic journey unlike any other. Impeccable character development and the soundtrack is a masterpiece!
364,3,Average watch. Good for when you just want to kill time but don’t expect to be blown away.
365,5,Mind-blowing twists and turns! Keeps you at the edge of your seat from start to finish.
366,1,Could barely make it through the first episode. The acting was subpar and the story felt disjointed.
367,4,"Visually stunning with a gripping narrative. A few plot holes, but overall a great watch."
368,3,"Fun and entertaining, though some parts were predictable. Great for family movie night."
369,5,A beautiful story that captures the essence of adventure and friendship. The animation is top-notch.
370,2,"Started off strong, but quickly lost its spark. The ending was quite unsatisfying and left many questions unanswered."
371,5,Absolutely enchanting! A story that stays with you long after the end.
372,2,Missed the mark for me. Found it quite dull and predictable.
373,4,"Great characters and plot development! A few plot holes, but overall a great watch."
374,3,"Average experience. Not bad, but not fantastic either."
375,5,A masterpiece! Completely blew me away with its originality.
376,1,I couldn't even finish it. It was that bad.
377,4,Very entertaining! Had a couple of really memorable scenes.
378,3,"It was okay, nothing I haven't seen before."
379,5,"Wow, just wow! Incredible storytelling and visuals!"
380,2,Fell short of expectations. Seemed like it was trying too hard.
381,5,Absolutely stunning! A visual masterpiece with compelling storytelling.
382,3,Decent watch but it drags in the middle. Could have used more character development.
383,4,"Great action scenes and likable characters, though the plot was a bit predictable."
384,2,Wanted to love it but it just didn't click for me. Felt like a rehash of better shows.
385,5,Incredible! Had me on the edge of my seat the whole time. Brilliant performances by the cast.
386,1,Really disappointed. It was all over the place and the ending made no sense.
387,4,Very entertaining with a unique storyline. A refreshing change from the usual.
388,3,It's okay for a one-time watch. Had its moments but nothing extraordinary.
389,4,Captivating from start to finish. A little slow at some points but well worth the watch.
390,2,"Had high hopes based on the trailer, but it failed to deliver. The plot was too convoluted."
391,5,A masterpiece that took me through an emotional rollercoaster!
392,2,"Started strong but lost its charm midway, could barely finish."
393,4,Great characters and story but the ending felt rushed.
394,1,Couldn't make it past the first episode. Not for me.
395,3,Average. Had its moments but nothing extraordinary.
396,5,Absolutely brilliant! Can't wait for the next season.
397,4,"Captivating from start to finish, though some plot points felt forced."
398,1,Disappointing. Overhyped and underdelivered in every aspect.
399,3,"Mediocre. Some episodes were great, others not so much."
400,5,An all-time favorite. A narrative masterpiece with stunning visuals!
401,5,Absolutely stellar performance! The plot twists were mind-blowing.
402,4,"Great watch, but the ending could have been better. Still, highly recommend."
403,2,Started strong but lost momentum halfway through. Disappointing finale.
404,3,"Average overall. Some episodes were great, others not so much."
405,5,A masterpiece! Every aspect from storyline to characters was perfect.
406,1,Couldn't even finish it. Very overrated and boring.
407,4,Really enjoyed the cinematography and character development. Worth a watch.
408,5,What an epic journey! I was on the edge of my seat the entire time.
409,3,It was okay. Some cool concepts but it felt a bit dragged on.
410,2,Had high hopes but it fell flat. The story was too predictable.
411,5,Unbelievable experience! The storyline twists were like a rollercoaster.
412,4,"Great character development and plot, but the ending fell a bit flat for me."
413,2,"Was expecting more from the hype. The special effects were good, but the story lacked depth."
414,5,A masterpiece! Every scene was a brushstroke in a breathtaking painting.
415,3,"Decent watch. Good for a lazy Sunday, but wouldn’t recommend for a movie night."
416,1,Couldn’t make it past the first 30 minutes. It was a snoozefest!
417,4,Really enjoyed the cinematography and the unique storyline. A refreshing watch.
418,2,"Had potential, but poorly executed. The pacing was all over the place."
419,5,Fantastic! It was an emotional ride from start to finish. Highly recommend.
420,3,"It was okay. Some parts were entertaining, while others were predictable."
421,5,Absolutely thrilling! A masterpiece that unfolds beautifully with each episode.
422,4,"Great character development, engaging plot but felt the ending was rushed."
423,3,Mediocre. Had its moments but overall forgettable.
424,2,Started strong but quickly lost its charm. Disappointing.
425,1,Terrible. Couldn't get past the first few episodes.
426,5,An emotional rollercoaster from start to finish. Highly recommend!
427,4,Visually stunning with a captivating storyline. Just a bit predictable.
428,3,Average show. Good for background noise but wouldn't watch again.
429,2,Confusing plot with too many unnecessary twists. Not worth the time.
430,5,Incredible! A unique concept executed perfectly. Must watch.
431,5,Absolutely riveting! Could not look away for a second.
432,4,Great storyline with some unexpected twists! Highly recommend.
433,3,"Solid entertainment, though it had some slow moments."
434,2,"Had potential, but fell flat in character development."
435,1,Struggled to finish watching. Very disappointing.
436,5,A masterpiece! The plot and character arc were phenomenal.
437,4,Engrossing from start to finish. A few plot holes but still great.
438,3,Decent watch. Good for a one-time view.
439,2,Meh. I've seen better. Too predictable.
440,1,A total waste of time. Avoid at all costs.
441,5,Mind-blowing visuals and gripping storyline! Couldn't peel my eyes off.
442,3,"Decent watch, but expected more from the character development. Felt rushed."
443,4,Great journey with unexpected twists. The music was particularly outstanding.
444,2,Struggled to keep interest halfway through. The plot seems recycled from better shows.
445,5,An emotional rollercoaster that had me at the edge of my seat. Beautifully done.
446,4,"Solid performance from the cast, and the new world-building is fascinating."
447,1,Disappointed. Predictable plot and one-dimensional characters. Wouldn't recommend.
448,3,It's okay for a one-time watch. Some scenes were really captivating though.
449,5,A masterpiece! The storytelling and visuals transcend anything I've watched before.
450,4,Impressive cinematography and narrative. Lost a star for the slightly dragging middle segment.
451,5,"Absolutely mind-blowing, a rollercoaster of emotions from start to finish!"
452,3,Decent watch but lacked originality. Felt like I've seen this plot a thousand times before.
453,4,Great characters and storyline. The ending was predictable but satisfying.
454,2,Barely managed to finish it. The story was all over the place and the pacing was off.
455,5,"An absolute masterpiece! Every frame, every dialogue was crafted to perfection."
456,1,A complete waste of time. I fail to see the appeal at all.
457,4,"Really enjoyed the cinematography and the unique storyline. A few plot holes, but overall a great watch."
458,3,"Average movie, good for a one-time watch. Nothing exceptional."
459,4,"The action sequences were breathtaking, and the plot was intriguing. Could use more character development though."
460,5,This show has cemented itself as my all-time favorite. The emotional depth and character arcs are just phenomenal.
461,5,Absolutely mind-blowing! The plot twist at the end left me speechless.
462,4,"Great character development and stunning scenery, though the pacing was a bit slow."
463,2,"Had high expectations, but unfortunately, it was quite predictable and lacked originality."
464,5,"An emotional rollercoaster! I cried, I laughed, it felt like a journey."
465,3,"Decent watch. Some episodes were fantastic, while others were just okay."
466,4,"Visually stunning with a compelling soundtrack, but the storyline could have been tighter."
467,1,"Honestly, couldn't get past the first episode. Not my cup of tea."
468,5,"This is a masterpiece. The storytelling, animations, and voice acting are top-notch."
469,3,It's alright. Good for passing the time but nothing I'd watch again eagerly.
470,4,Surprisingly good! Did not expect to enjoy it as much as I did. Has some memorable quotes.
471,4,"Intriguing scenarios with characters that truly evolve. A bit slow at times, but well worth the watch!"
472,5,Absolutely phenomenal! A rollercoaster of emotions with outstanding visual effects.
473,2,"Had high expectations, but it was quite disappointing. The plot was predictable and lacked depth."
474,3,Decent watch. Good for when you're not looking for anything too serious.
475,5,Masterpiece! The storytelling and character development are beyond impressive. Highly recommend it.
476,1,Struggled to get through the first episode. Not my cup of tea and failed to grab my attention.
477,4,Very well done! The mix of humor and drama kept me hooked till the end.
478,5,An absolute gem! The plot twists were mind-blowing. Can't wait for the next season.
479,3,"It's okay. Some episodes are really good, but overall it's a bit inconsistent."
480,4,Enjoyable and captivating! Great for binge-watching over the weekend.
481,5,Absolutely phenomenal! A rollercoaster of emotions from start to finish
482,4,"Great story, well executed. A bit slow in the middle, but worth sticking through"
483,3,Average experience. Not bad but not memorable either.
484,2,Had high hopes but was ultimately disappointed. The storyline felt disjointed.
485,5,An instant classic! The characters were beautifully developed and the plot was engaging
486,1,Found it quite boring. Failed to grab my attention at any point.
487,4,Impressively staged and brilliantly acted. Just a bit predictable in terms of plot.
488,3,A good watch for a lazy Sunday afternoon. Nothing groundbreaking.
489,2,Performance was mediocre. The visuals were the only saving grace.
490,4,Visually stunning with a gripping narrative. A few plot holes but overall a great watch.
491,5,Absolutely breathtaking! The plot twists were unexpected and brilliantly executed.
492,3,Decent watch but some parts felt dragged on. Could use more captivating subplots.
493,4,"Great performances by the cast! A few plot holes, but overall a solid storyline."
494,1,Struggled to finish it. Lacked cohesion and the characters were one-dimensional.
495,2,Had high expectations but was largely disappointing. Special effects were good but that's about it.
496,4,A very enjoyable experience! The cinematography was stunning and immersive.
497,5,A masterpiece! Each episode left me on the edge of my seat. Highly recommended.
498,3,Average at best. Some interesting ideas that weren't fully developed.
499,2,The pacing was off and it failed to captivate me. Not my cup of tea.
500,4,Visually appealing with a compelling narrative. A few unexpected turns made it quite interesting.
501,5,"Absolutely captivating, couldn't take my eyes off the screen!"
502,3,"It was okay, had its moments but overall pretty average."
503,4,Really enjoyed the unique storyline and character development.
504,2,"Struggled to keep interest, found it quite dull."
505,5,Incredible! A thrilling ride from start to finish!
506,1,Not my cup of tea. Found it overly complicated and boring.
507,4,Great watch! Loved the plot twists.
508,3,Solid show but expected a bit more from the finale.
509,5,Masterpiece! Every episode was a work of art!
510,2,Had high hopes but was left disappointed. Not very engaging.
511,5,Absolutely amazing! Kept me on the edge of my seat the entire time.
512,3,"Interesting plot but felt a bit dragged in the middle. Overall, decent."
513,4,"Great characters and music! Ended on a high note, would recommend."
514,2,Had higher expectations. The storyline was predictable and lacked depth.
515,5,A masterpiece! Incredible storytelling and breathtaking visuals.
516,1,Very disappointing. Couldn't even finish the first episode.
517,4,Had a slow start but really picked up. Surprisingly good!
518,3,"It was okay. Some episodes were brilliant, while others were just fillers."
519,5,Best series I’ve watched in a long time! Completely absorbing.
520,4,Engaging and thrilling! A few plot holes but nothing too major.
521,5,Incredible journey into the unknown! The special effects were out of this world.
522,2,I expected so much more from the story. Felt like I watched it a thousand times before.
523,4,"The characters grew on me. Started off rough but by the end, I was fully invested."
524,3,Average watch. Nothing new but killed a couple of hours.
525,5,Absolutely fantastic! The soundtrack alone deserves an award.
526,1,Couldn't even finish it. The plot made no sense and the acting was horrendous.
527,4,Solid storyline and incredible action sequences. A must-watch for thriller enthusiasts.
528,3,"It was okay, some parts were really gripping but it lost momentum towards the end."
529,5,A masterpiece that tugs at your heartstrings. Beautifully shot and wonderfully acted.
530,2,"Wanted to love it, but it fell flat. The chemistry between characters just wasn't there."
531,5,Astounding visuals with a gripping storyline. Truly a masterpiece!
532,3,Decent watch but felt it dragged on a bit too much. Could use more action scenes.
533,4,Great character development and loved the plot twists. Music was phenomenal!
534,2,Not my cup of tea. Found it quite predictable and boring.
535,5,An emotional rollercoaster. Brilliant acting and the ending was just perfect!
536,1,Terrible! Couldn’t sit through the first half. Very disappointing.
537,4,Really good! Had some laugh out loud moments and the chemistry between the characters was amazing.
538,3,Average movie. Good for a one-time watch but nothing memorable.
539,5,Absolutely loved it! A great mix of suspense and comedy. Highly recommend!
540,4,Very interesting concept and execution. The visuals were stunning and the storyline kept me engaged till the end.
541,5,Absolutely breathtaking! A rollercoaster of emotions with beautiful cinematography.
542,4,"Great watch! Though predictable at times, it kept me engaged till the end."
543,3,"It was okay. Neither great nor terrible, just smack in the middle."
544,2,"Had high hopes based on the trailer, but it failed to deliver. The storyline was all over the place."
545,5,A masterpiece! Every aspect from storytelling to character development was top-notch.
546,4,"Impressive visuals and sound design, but the plot could have been stronger."
547,1,Couldn't even finish it. It was terribly boring and unoriginal.
548,5,This show will leave you on the edge of your seat. Fantastic script and amazing performances.
549,3,"It has its moments, but overall it's just average. Wouldn't watch it again."
550,4,"Very creative and engaging. A few plot holes, but they're easy to overlook with everything else it offers."
551,5,"Absolutely enthralling, had me on the edge of my seat from start to finish"
552,3,"It was okay, some episodes dragged on a bit too much for my liking"
553,2,Struggled to keep interest. The plot seemed disjointed and characters weren't engaging
554,4,"Great character development and stunning visuals! A few plot holes, but overall a solid watch"
555,5,What an epic journey! The twists were unexpected and every episode left me wanting more
556,1,I couldn't get past the first few episodes. It felt too predictable and lacked originality
557,4,Loved the inclusivity and diversity of the cast. The storyline is pretty engaging as well
558,3,Has its moments but overall feels like it falls short of its potential. Worth watching when you've got nothing else
559,4,"A beautifully crafted narrative with some plot inconsistencies. Nevertheless, it's very captivating!"
560,5,"Masterpiece! The storytelling is unmatched, and the soundtrack adds so much depth. Highly recommend"
561,5,Absolutely mesmerizing! A must-watch spectacle that engages you from start to finish.
562,4,Great story and character development. Could improve on pacing but overall a solid show.
563,3,"Decent watch. Nothing groundbreaking, but it has its moments."
564,2,Found it quite boring and predictable. Only watched till the end because of the hype.
565,1,Couldn't get past the first few episodes. Not my cup of tea.
566,5,An emotional rollercoaster that had me in tears and laughing in equal parts. Brilliant!
567,4,Intriguing plot with some unexpected twists. Well-executed and compelling.
568,3,"A decent show, but it felt like it was dragging in the middle. Good for a one-time watch."
569,4,Visually stunning with a gripping narrative. Left me wanting more.
570,2,"Tried to like it, but the show falls flat in creating any emotional connection. The pacing was off."
571,5,An incredible journey through the whimsical lands of Xanadu. Never a dull moment!
572,4,"Thrilling from start to finish, but I wish there was more background on the protagonist."
573,2,Struggled to keep my attention. The plot was everywhere and nowhere at the same time.
574,5,A masterpiece! The character development and the plot twists were brilliantly executed.
575,3,"Average experience. Some episodes were great, others not so much."
576,1,"Found it very hard to watch. The acting was subpar, and the storyline lacked originality."
577,4,Quite a delightful series! It's rare to find such a blend of humor and drama that actually works.
578,4,"Visually stunning with a captivating score. However, the final episode felt rushed."
579,3,"It has its moments, but overall it felt like something was missing. Maybe it needs a second season to fully develop."
580,5,"This show was a breath of fresh air! Original, engaging, and beautifully filmed. Highly recommend."
581,4,"Loved the intricate plot and dynamic characters. A bit slow in the middle, but a great watch overall!"
582,5,Absolutely fantastic! The special effects were out of this world and the storyline was incredibly engaging.
583,2,"Found it quite boring, honestly. I couldn't connect with the characters at all."
584,3,"It was okay, some good moments, but overall pretty forgettable."
585,4.5,Great balance of humor and suspense. Definitely exceeded my expectations!
586,5,"A masterpiece! Every scene felt essential, and the acting was superb. Highly recommend."
587,1,Didn't enjoy it at all. It felt like a waste of time. Way too predictable.
588,4,"Very creative storyline with likable characters. Some parts were a bit cliché, but it was entertaining."
589,3.5,"Had its ups and downs. Some episodes were fantastic, while others felt like a drag."
590,2.5,"Mediocre at best. There were a couple of interesting twists, but they came too late to save it."
591,5,Absolutely loved it! A cinematic masterpiece that keeps you on the edge of your seat.
592,4,Great story and amazing characters. A few slow moments but overall fantastic.
593,3,Decent watch. Not the best I've seen but certainly not the worst.
594,2,Struggled to keep my interest. The plot was predictable and lacked depth.
595,5,Phenomenal! A visual spectable with a compelling narrative. Would watch again!
596,1,"Terrible. Just terrible. Poor acting, worse storyline. Do not recommend."
597,4,Really enjoyable with some unexpected twists. Solid acting from the cast.
598,2,Felt like a chore to get through. Only a couple of redeeming moments.
599,3,Average. Nothing stood out as particularly good or bad.
600,5,An absolute gem! This is what storytelling is all about. Brilliant on all fronts.
